{
    "hacking_chance": 1.5744349432176419,
    "hacking_speed": 1.5765408765516173,
    "hacking_money": 1.57086479595411,
    "hacking_grow": 1.4280589054128272,
    "hacking": 1.853109928167165,
    "strength": 1.642267741224751,
    "defense": 1.4280589054128272,
    "dexterity": 1.642267741224751,
    "agility": 1.4280589054128272,
    "charisma": 1.4280589054128272,
    "hacking_exp": 2.8864640625656772,
    "strength_exp": 1.5708647959541102,
    "defense_exp": 1.5708647959541102,
    "dexterity_exp": 1.5708647959541102,
    "agility_exp": 1.5708647959541102,
    "charisma_exp": 1.5708647959541102,
    "company_rep": 2.1677934184166716,
    "faction_rep": 1.8064945153472272,
    "crime_money": 1.4280589054128272,
    "crime_success": 1.4280589054128272,
    "hacknet_node_money": 1.4280589054128272,
    "hacknet_node_purchase_cost": 0.6453515303233103,
    "hacknet_node_ram_cost": 0.6453515303233103,
    "hacknet_node_core_cost": 0.6453515303233103,
    "hacknet_node_level_cost": 0.6453515303233103,
    "work_money": 1.5708647959541102,
    "bladeburner_max_stamina": 1,
    "bladeburner_stamina_gain": 1,
    "bladeburner_analysis": 1,
    "bladeburner_success_chance": 1,
    "numPeopleKilled": 0,
    "money": 2423314.952530235,
    "city": "Sector-12",
    "location": "Alpha Enterprises",
    "bitNodeN": 4,
    "totalPlaytime": 1161054800,
    "playtimeSinceLastAug": 3014600,
    "playtimeSinceLastBitnode": 286047800,
    "jobs": {
        "FoodNStuff": "Employee"
    },
    "factions": [
        "NiteSec",
        "CyberSec"
    ],
    "tor": false,
    "inBladeburner": false,
    "hasCorporation": false,
    "entropy": 0
}